,rand_100_00,rand_100_01,rand_100_02,rand_100_03,rand_100_04,rand_100_05,rand_100_06,rand_100_07,rand_100_08,rand_100_09,rand_100_10,rand_100_11,rand_100_12,rand_100_13,rand_100_14,rand_100_15,rand_100_16,rand_100_17,rand_100_18,rand_100_19,rand_100_20,rand_100_21,rand_100_22,rand_100_23,rand_100_24,rand_100_25,rand_100_26,rand_100_27,rand_100_28,rand_100_29,rand_100_30,rand_100_31,rand_100_32,rand_100_33,rand_100_34,rand_100_35,rand_100_36,rand_100_37,rand_100_38,rand_100_39,rand_100_40,rand_100_41,rand_100_42,rand_100_43,rand_100_44,rand_100_45,rand_100_46,rand_100_47,rand_100_48,rand_100_49
0,94.0,93.0,98.0,92.0,94.0,93.0,94.0,95.0,94.0,94.0,91.0,97.0,92.0,92.0,98.0,93.0,96.0,94.0,95.0,91.0,95.0,93.0,97.0,95.0,98.0,94.0,97.0,98.0,95.0,92.0,92.0,94.0,93.0,93.0,92.0,94.0,94.0,97.0,94.0,95.0,95.0,91.0,94.0,94.0,96.0,96.0,96.0,97.0,94.0,95.0
1,98.0,97.0,99.0,93.0,96.0,95.0,97.0,96.0,95.0,98.0,93.0,98.0,96.0,96.0,100.0,93.0,96.0,96.0,96.0,94.0,95.0,94.0,98.0,97.0,98.0,98.0,98.0,99.0,97.0,93.0,96.0,96.0,96.0,97.0,95.0,96.0,94.0,97.0,94.0,95.0,98.0,95.0,95.0,98.0,96.0,97.0,97.0,98.0,95.0,96.0
2,98.0,97.0,100.0,93.0,97.0,97.0,98.0,96.0,95.0,98.0,96.0,98.0,96.0,98.0,101.0,96.0,98.0,99.0,97.0,94.0,99.0,99.0,99.0,98.0,99.0,98.0,98.0,100.0,97.0,95.0,97.0,96.0,99.0,97.0,97.0,96.0,96.0,98.0,96.0,96.0,98.0,96.0,96.0,98.0,97.0,98.0,99.0,99.0,96.0,97.0
3,99.0,98.0,100.0,95.0,97.0,99.0,99.0,97.0,97.0,98.0,97.0,98.0,96.0,98.0,101.0,98.0,98.0,99.0,99.0,95.0,99.0,99.0,99.0,98.0,100.0,99.0,100.0,100.0,97.0,97.0,98.0,96.0,99.0,97.0,98.0,97.0,97.0,99.0,97.0,96.0,100.0,97.0,97.0,98.0,98.0,99.0,99.0,99.0,98.0,98.0
4,100.0,99.0,101.0,97.0,98.0,99.0,100.0,98.0,97.0,100.0,97.0,99.0,97.0,98.0,102.0,98.0,99.0,99.0,99.0,98.0,100.0,100.0,100.0,99.0,101.0,100.0,100.0,101.0,98.0,97.0,98.0,97.0,101.0,101.0,98.0,97.0,97.0,100.0,98.0,98.0,100.0,99.0,98.0,99.0,98.0,100.0,101.0,100.0,99.0,98.0
5,100.0,100.0,101.0,97.0,99.0,100.0,100.0,99.0,98.0,100.0,98.0,99.0,98.0,99.0,102.0,101.0,100.0,99.0,100.0,99.0,101.0,100.0,101.0,100.0,101.0,100.0,101.0,101.0,99.0,98.0,98.0,97.0,101.0,101.0,98.0,100.0,98.0,100.0,98.0,98.0,100.0,101.0,99.0,99.0,100.0,100.0,101.0,100.0,101.0,99.0
6,100.0,101.0,102.0,98.0,99.0,101.0,100.0,99.0,98.0,101.0,99.0,100.0,99.0,100.0,102.0,102.0,101.0,100.0,100.0,100.0,101.0,100.0,101.0,101.0,101.0,100.0,101.0,102.0,99.0,99.0,99.0,98.0,101.0,103.0,98.0,100.0,99.0,101.0,98.0,99.0,101.0,101.0,99.0,99.0,100.0,101.0,101.0,100.0,101.0,102.0
7,100.0,101.0,103.0,98.0,100.0,101.0,101.0,99.0,99.0,101.0,99.0,100.0,101.0,100.0,102.0,102.0,102.0,100.0,100.0,100.0,101.0,100.0,101.0,101.0,101.0,101.0,101.0,103.0,100.0,99.0,99.0,99.0,102.0,103.0,99.0,101.0,100.0,101.0,98.0,99.0,101.0,102.0,101.0,101.0,100.0,101.0,103.0,100.0,101.0,102.0
8,101.0,101.0,103.0,99.0,100.0,101.0,101.0,99.0,100.0,101.0,100.0,100.0,102.0,103.0,103.0,103.0,102.0,101.0,100.0,100.0,102.0,101.0,102.0,102.0,102.0,101.0,101.0,104.0,100.0,100.0,99.0,99.0,102.0,103.0,100.0,102.0,100.0,102.0,99.0,100.0,101.0,102.0,102.0,102.0,101.0,102.0,103.0,100.0,101.0,102.0
9,101.0,101.0,103.0,99.0,100.0,102.0,101.0,100.0,102.0,101.0,102.0,100.0,102.0,103.0,103.0,104.0,102.0,101.0,101.0,100.0,103.0,101.0,102.0,103.0,102.0,101.0,101.0,104.0,100.0,102.0,99.0,100.0,102.0,104.0,100.0,102.0,101.0,102.0,99.0,102.0,102.0,103.0,103.0,102.0,101.0,103.0,103.0,100.0,101.0,102.0
10,102.0,102.0,103.0,99.0,100.0,102.0,101.0,100.0,102.0,101.0,102.0,101.0,102.0,104.0,103.0,104.0,103.0,101.0,101.0,102.0,103.0,102.0,102.0,103.0,103.0,101.0,101.0,104.0,100.0,102.0,100.0,101.0,103.0,104.0,101.0,103.0,101.0,102.0,100.0,102.0,102.0,103.0,104.0,103.0,101.0,103.0,103.0,101.0,101.0,103.0
11,102.0,103.0,104.0,102.0,101.0,102.0,102.0,101.0,102.0,102.0,102.0,101.0,103.0,104.0,103.0,105.0,103.0,101.0,102.0,102.0,103.0,102.0,102.0,104.0,103.0,102.0,101.0,105.0,101.0,103.0,100.0,101.0,103.0,104.0,101.0,104.0,101.0,103.0,101.0,103.0,102.0,104.0,105.0,103.0,101.0,103.0,103.0,101.0,103.0,104.0
12,102.0,103.0,104.0,103.0,101.0,102.0,103.0,101.0,102.0,102.0,102.0,101.0,104.0,104.0,103.0,105.0,104.0,102.0,103.0,103.0,104.0,102.0,103.0,104.0,104.0,102.0,101.0,105.0,101.0,103.0,100.0,102.0,103.0,104.0,102.0,104.0,101.0,103.0,102.0,103.0,102.0,104.0,105.0,103.0,102.0,104.0,103.0,101.0,104.0,104.0
13,103.0,103.0,104.0,103.0,101.0,103.0,103.0,102.0,102.0,102.0,102.0,101.0,104.0,105.0,104.0,105.0,104.0,102.0,103.0,103.0,104.0,103.0,103.0,104.0,104.0,102.0,102.0,106.0,101.0,103.0,100.0,102.0,103.0,105.0,103.0,104.0,101.0,103.0,102.0,104.0,104.0,104.0,105.0,104.0,102.0,104.0,104.0,103.0,104.0,104.0
14,103.0,103.0,104.0,104.0,102.0,103.0,104.0,102.0,104.0,103.0,102.0,102.0,104.0,105.0,105.0,105.0,104.0,102.0,103.0,103.0,104.0,103.0,105.0,105.0,104.0,103.0,102.0,106.0,101.0,103.0,102.0,102.0,105.0,105.0,103.0,105.0,102.0,103.0,103.0,105.0,104.0,104.0,105.0,104.0,103.0,104.0,104.0,103.0,104.0,104.0
15,103.0,104.0,105.0,104.0,102.0,103.0,104.0,102.0,104.0,103.0,103.0,102.0,105.0,105.0,105.0,105.0,105.0,103.0,103.0,103.0,104.0,103.0,105.0,105.0,104.0,103.0,103.0,106.0,102.0,103.0,102.0,102.0,105.0,107.0,104.0,105.0,103.0,103.0,103.0,106.0,104.0,105.0,105.0,104.0,103.0,105.0,104.0,104.0,105.0,105.0
16,104.0,104.0,105.0,105.0,102.0,103.0,104.0,102.0,104.0,103.0,103.0,102.0,105.0,105.0,105.0,106.0,105.0,103.0,104.0,104.0,105.0,104.0,105.0,105.0,105.0,103.0,104.0,107.0,102.0,103.0,103.0,103.0,105.0,107.0,104.0,105.0,103.0,103.0,103.0,106.0,105.0,105.0,105.0,104.0,103.0,105.0,104.0,105.0,105.0,105.0
17,105.0,104.0,105.0,105.0,103.0,103.0,104.0,103.0,105.0,103.0,103.0,102.0,105.0,105.0,106.0,106.0,105.0,103.0,104.0,104.0,105.0,104.0,105.0,105.0,105.0,103.0,104.0,107.0,102.0,104.0,103.0,104.0,107.0,108.0,104.0,105.0,104.0,104.0,104.0,106.0,105.0,106.0,106.0,104.0,104.0,105.0,104.0,105.0,105.0,105.0
18,105.0,104.0,105.0,106.0,104.0,104.0,104.0,103.0,105.0,104.0,104.0,103.0,105.0,105.0,106.0,106.0,105.0,104.0,104.0,105.0,105.0,104.0,105.0,105.0,105.0,104.0,104.0,107.0,103.0,105.0,104.0,104.0,107.0,108.0,104.0,106.0,104.0,104.0,105.0,107.0,105.0,106.0,106.0,104.0,104.0,105.0,105.0,105.0,106.0,105.0
19,105.0,104.0,105.0,106.0,104.0,104.0,105.0,104.0,105.0,104.0,104.0,104.0,106.0,107.0,106.0,106.0,106.0,104.0,104.0,105.0,105.0,105.0,106.0,106.0,106.0,105.0,104.0,107.0,103.0,105.0,104.0,104.0,107.0,108.0,105.0,106.0,104.0,104.0,106.0,107.0,105.0,108.0,107.0,104.0,104.0,106.0,105.0,105.0,107.0,105.0
20,105.0,104.0,105.0,106.0,105.0,105.0,105.0,104.0,106.0,105.0,104.0,104.0,106.0,107.0,107.0,107.0,106.0,105.0,105.0,106.0,105.0,106.0,107.0,107.0,106.0,105.0,104.0,108.0,104.0,106.0,105.0,104.0,107.0,109.0,105.0,106.0,105.0,104.0,106.0,107.0,105.0,108.0,107.0,105.0,104.0,106.0,106.0,106.0,107.0,106.0
21,106.0,105.0,105.0,106.0,105.0,105.0,106.0,104.0,106.0,105.0,104.0,104.0,107.0,108.0,107.0,107.0,106.0,105.0,106.0,106.0,106.0,106.0,107.0,107.0,106.0,105.0,105.0,108.0,104.0,106.0,106.0,105.0,108.0,109.0,105.0,107.0,105.0,105.0,106.0,107.0,105.0,108.0,108.0,105.0,104.0,106.0,106.0,107.0,107.0,106.0
22,106.0,105.0,105.0,107.0,106.0,105.0,106.0,104.0,106.0,105.0,104.0,104.0,107.0,108.0,107.0,107.0,106.0,106.0,106.0,107.0,106.0,106.0,107.0,107.0,106.0,105.0,105.0,108.0,104.0,106.0,106.0,105.0,108.0,110.0,105.0,107.0,105.0,105.0,106.0,108.0,106.0,109.0,108.0,106.0,105.0,106.0,107.0,107.0,107.0,106.0
23,106.0,105.0,106.0,107.0,106.0,105.0,106.0,105.0,106.0,105.0,104.0,105.0,108.0,108.0,107.0,108.0,106.0,106.0,106.0,108.0,106.0,107.0,107.0,109.0,106.0,106.0,106.0,108.0,104.0,106.0,106.0,105.0,109.0,111.0,105.0,107.0,105.0,106.0,107.0,108.0,106.0,109.0,108.0,106.0,105.0,106.0,107.0,107.0,107.0,106.0
24,106.0,106.0,106.0,107.0,107.0,106.0,108.0,108.0,109.0,107.0,105.0,105.0,108.0,108.0,108.0,108.0,107.0,107.0,106.0,109.0,107.0,107.0,107.0,109.0,106.0,106.0,106.0,109.0,105.0,106.0,106.0,105.0,109.0,111.0,105.0,108.0,105.0,106.0,107.0,108.0,106.0,111.0,108.0,107.0,105.0,107.0,107.0,108.0,108.0,107.0
25,107.0,106.0,107.0,108.0,107.0,107.0,108.0,108.0,109.0,107.0,105.0,106.0,108.0,108.0,109.0,108.0,107.0,107.0,107.0,109.0,108.0,107.0,107.0,110.0,107.0,108.0,106.0,110.0,105.0,107.0,106.0,106.0,109.0,111.0,106.0,108.0,106.0,107.0,107.0,108.0,107.0,111.0,108.0,108.0,106.0,107.0,107.0,108.0,108.0,107.0
26,107.0,106.0,107.0,108.0,107.0,107.0,108.0,108.0,110.0,108.0,106.0,106.0,108.0,108.0,109.0,108.0,107.0,107.0,108.0,109.0,109.0,107.0,107.0,110.0,107.0,108.0,106.0,110.0,106.0,107.0,106.0,107.0,110.0,111.0,106.0,109.0,106.0,107.0,107.0,109.0,107.0,111.0,108.0,108.0,106.0,107.0,108.0,108.0,108.0,107.0
27,108.0,106.0,107.0,108.0,107.0,107.0,109.0,108.0,111.0,108.0,107.0,106.0,109.0,109.0,110.0,109.0,107.0,107.0,109.0,109.0,109.0,107.0,108.0,111.0,108.0,108.0,107.0,111.0,106.0,108.0,107.0,107.0,110.0,111.0,107.0,110.0,106.0,107.0,108.0,109.0,108.0,112.0,109.0,108.0,106.0,107.0,108.0,108.0,110.0,108.0
28,108.0,108.0,107.0,108.0,108.0,107.0,109.0,108.0,111.0,109.0,107.0,106.0,109.0,109.0,111.0,109.0,108.0,107.0,109.0,109.0,109.0,108.0,108.0,111.0,108.0,108.0,107.0,111.0,106.0,108.0,107.0,108.0,110.0,112.0,107.0,110.0,107.0,107.0,108.0,110.0,108.0,112.0,109.0,108.0,107.0,108.0,108.0,109.0,111.0,108.0
29,109.0,108.0,107.0,108.0,109.0,108.0,110.0,109.0,111.0,109.0,107.0,107.0,109.0,109.0,111.0,109.0,109.0,107.0,110.0,110.0,109.0,108.0,109.0,111.0,108.0,108.0,107.0,111.0,106.0,108.0,108.0,108.0,110.0,112.0,108.0,111.0,107.0,108.0,108.0,110.0,109.0,112.0,110.0,108.0,107.0,108.0,109.0,109.0,111.0,109.0
30,109.0,108.0,107.0,109.0,109.0,108.0,110.0,109.0,112.0,109.0,107.0,107.0,109.0,109.0,112.0,110.0,109.0,108.0,110.0,110.0,109.0,108.0,109.0,111.0,110.0,109.0,107.0,111.0,107.0,108.0,108.0,108.0,111.0,113.0,108.0,111.0,107.0,108.0,109.0,110.0,110.0,112.0,110.0,108.0,107.0,109.0,109.0,109.0,111.0,109.0
31,109.0,108.0,108.0,109.0,110.0,108.0,111.0,109.0,113.0,110.0,107.0,107.0,110.0,109.0,112.0,110.0,109.0,108.0,110.0,110.0,109.0,108.0,109.0,111.0,110.0,109.0,108.0,111.0,107.0,109.0,108.0,108.0,111.0,113.0,109.0,112.0,107.0,108.0,109.0,110.0,110.0,113.0,110.0,108.0,107.0,109.0,109.0,109.0,113.0,109.0
32,109.0,109.0,108.0,109.0,110.0,109.0,111.0,109.0,113.0,110.0,108.0,107.0,110.0,109.0,112.0,110.0,109.0,108.0,110.0,111.0,109.0,108.0,109.0,112.0,110.0,110.0,108.0,112.0,108.0,110.0,108.0,109.0,111.0,113.0,109.0,112.0,107.0,108.0,110.0,110.0,110.0,113.0,110.0,109.0,108.0,110.0,110.0,109.0,113.0,109.0
33,109.0,109.0,108.0,110.0,110.0,109.0,112.0,109.0,113.0,110.0,108.0,107.0,110.0,109.0,113.0,110.0,110.0,109.0,110.0,112.0,110.0,108.0,110.0,113.0,110.0,110.0,109.0,112.0,108.0,110.0,109.0,109.0,112.0,114.0,109.0,112.0,107.0,109.0,110.0,110.0,110.0,113.0,110.0,109.0,108.0,110.0,110.0,109.0,113.0,109.0
34,110.0,109.0,108.0,111.0,110.0,109.0,112.0,109.0,113.0,111.0,108.0,108.0,111.0,110.0,113.0,111.0,110.0,110.0,110.0,112.0,110.0,109.0,110.0,113.0,111.0,110.0,109.0,112.0,109.0,110.0,109.0,110.0,112.0,114.0,109.0,112.0,107.0,110.0,111.0,110.0,111.0,113.0,110.0,109.0,108.0,110.0,110.0,110.0,113.0,110.0
35,110.0,109.0,109.0,111.0,110.0,109.0,112.0,110.0,113.0,111.0,108.0,109.0,111.0,110.0,113.0,111.0,110.0,110.0,111.0,112.0,110.0,109.0,110.0,114.0,111.0,111.0,109.0,112.0,109.0,110.0,110.0,110.0,112.0,114.0,110.0,114.0,107.0,110.0,111.0,110.0,111.0,114.0,111.0,109.0,109.0,111.0,110.0,111.0,113.0,110.0
36,111.0,109.0,109.0,111.0,110.0,110.0,112.0,110.0,113.0,113.0,109.0,109.0,112.0,111.0,113.0,111.0,110.0,110.0,111.0,113.0,111.0,109.0,111.0,114.0,111.0,112.0,110.0,112.0,109.0,110.0,110.0,110.0,112.0,114.0,110.0,114.0,108.0,111.0,111.0,111.0,111.0,114.0,111.0,110.0,109.0,111.0,111.0,111.0,114.0,110.0
37,111.0,109.0,111.0,112.0,111.0,110.0,113.0,110.0,113.0,114.0,109.0,110.0,112.0,111.0,113.0,112.0,111.0,110.0,111.0,113.0,111.0,109.0,111.0,114.0,111.0,112.0,110.0,112.0,109.0,110.0,111.0,110.0,113.0,114.0,110.0,114.0,108.0,111.0,111.0,111.0,113.0,114.0,113.0,110.0,109.0,111.0,111.0,112.0,114.0,110.0
38,111.0,109.0,111.0,112.0,111.0,111.0,113.0,110.0,114.0,114.0,109.0,110.0,113.0,111.0,113.0,112.0,111.0,111.0,111.0,114.0,111.0,110.0,112.0,114.0,111.0,112.0,110.0,113.0,109.0,110.0,112.0,111.0,113.0,114.0,110.0,114.0,109.0,113.0,112.0,111.0,113.0,114.0,113.0,110.0,110.0,112.0,111.0,112.0,114.0,110.0
39,111.0,110.0,111.0,112.0,111.0,111.0,113.0,111.0,114.0,114.0,110.0,110.0,113.0,112.0,113.0,113.0,111.0,111.0,112.0,114.0,111.0,111.0,113.0,114.0,111.0,112.0,110.0,113.0,110.0,111.0,113.0,111.0,114.0,114.0,111.0,115.0,109.0,113.0,112.0,111.0,113.0,114.0,114.0,111.0,110.0,112.0,111.0,112.0,115.0,110.0
40,111.0,110.0,111.0,112.0,111.0,112.0,113.0,111.0,115.0,114.0,110.0,111.0,115.0,113.0,113.0,113.0,111.0,111.0,112.0,114.0,111.0,111.0,113.0,115.0,111.0,112.0,111.0,113.0,110.0,112.0,113.0,111.0,114.0,115.0,111.0,115.0,110.0,113.0,112.0,112.0,114.0,115.0,114.0,111.0,110.0,112.0,111.0,112.0,115.0,110.0
41,111.0,110.0,111.0,113.0,112.0,113.0,114.0,112.0,115.0,114.0,110.0,112.0,115.0,113.0,114.0,114.0,111.0,111.0,112.0,114.0,112.0,111.0,113.0,115.0,111.0,114.0,111.0,114.0,110.0,112.0,113.0,111.0,115.0,115.0,111.0,115.0,111.0,113.0,113.0,112.0,114.0,115.0,114.0,111.0,110.0,112.0,111.0,113.0,115.0,110.0
42,112.0,110.0,112.0,113.0,112.0,114.0,114.0,112.0,115.0,114.0,110.0,112.0,115.0,115.0,114.0,114.0,111.0,111.0,112.0,114.0,112.0,113.0,114.0,115.0,112.0,114.0,111.0,114.0,111.0,112.0,114.0,111.0,115.0,116.0,112.0,115.0,111.0,114.0,113.0,112.0,114.0,115.0,115.0,111.0,111.0,113.0,112.0,113.0,115.0,111.0
43,112.0,110.0,112.0,113.0,112.0,115.0,114.0,112.0,115.0,114.0,110.0,113.0,115.0,115.0,116.0,114.0,112.0,112.0,112.0,115.0,113.0,113.0,114.0,115.0,112.0,115.0,111.0,114.0,111.0,113.0,115.0,112.0,115.0,116.0,112.0,115.0,111.0,114.0,113.0,112.0,115.0,115.0,115.0,111.0,111.0,113.0,112.0,113.0,116.0,112.0
44,112.0,111.0,112.0,114.0,112.0,115.0,115.0,113.0,117.0,115.0,110.0,113.0,115.0,115.0,117.0,114.0,112.0,112.0,112.0,115.0,113.0,113.0,114.0,115.0,112.0,115.0,111.0,114.0,111.0,113.0,115.0,112.0,116.0,116.0,112.0,115.0,112.0,114.0,113.0,112.0,115.0,115.0,115.0,112.0,111.0,114.0,113.0,114.0,116.0,113.0
45,112.0,111.0,112.0,114.0,113.0,115.0,115.0,113.0,117.0,115.0,110.0,113.0,116.0,116.0,117.0,115.0,112.0,113.0,112.0,116.0,113.0,114.0,116.0,115.0,112.0,115.0,112.0,115.0,111.0,114.0,115.0,112.0,116.0,116.0,113.0,117.0,112.0,115.0,113.0,112.0,115.0,116.0,116.0,112.0,112.0,114.0,113.0,115.0,116.0,113.0
46,112.0,112.0,112.0,114.0,113.0,115.0,115.0,113.0,117.0,115.0,110.0,114.0,116.0,116.0,117.0,115.0,114.0,113.0,114.0,116.0,113.0,115.0,116.0,116.0,113.0,115.0,112.0,115.0,111.0,114.0,116.0,112.0,116.0,116.0,113.0,117.0,112.0,115.0,113.0,112.0,116.0,117.0,116.0,112.0,112.0,114.0,113.0,115.0,116.0,114.0
47,114.0,112.0,113.0,114.0,113.0,116.0,115.0,113.0,117.0,116.0,111.0,114.0,116.0,116.0,117.0,116.0,114.0,113.0,114.0,116.0,113.0,115.0,116.0,116.0,113.0,115.0,112.0,115.0,112.0,115.0,117.0,112.0,116.0,117.0,114.0,117.0,112.0,116.0,114.0,113.0,116.0,117.0,117.0,112.0,112.0,114.0,113.0,115.0,117.0,115.0
48,114.0,112.0,113.0,116.0,114.0,117.0,116.0,114.0,117.0,116.0,111.0,114.0,116.0,117.0,117.0,116.0,114.0,113.0,114.0,116.0,114.0,115.0,116.0,116.0,113.0,116.0,113.0,116.0,112.0,115.0,117.0,113.0,116.0,117.0,114.0,117.0,113.0,116.0,115.0,113.0,116.0,117.0,117.0,113.0,112.0,114.0,113.0,116.0,117.0,116.0
49,114.0,113.0,113.0,116.0,114.0,117.0,116.0,114.0,117.0,116.0,111.0,115.0,116.0,117.0,118.0,116.0,115.0,114.0,115.0,117.0,115.0,115.0,116.0,116.0,114.0,116.0,113.0,116.0,112.0,115.0,117.0,113.0,117.0,118.0,114.0,118.0,113.0,117.0,115.0,114.0,117.0,117.0,117.0,113.0,113.0,115.0,114.0,116.0,117.0,116.0
50,114.0,113.0,114.0,116.0,114.0,117.0,116.0,114.0,117.0,116.0,111.0,115.0,118.0,117.0,118.0,116.0,115.0,114.0,115.0,117.0,115.0,115.0,116.0,116.0,115.0,117.0,113.0,116.0,113.0,115.0,118.0,114.0,117.0,118.0,114.0,118.0,114.0,117.0,115.0,114.0,117.0,117.0,117.0,114.0,113.0,115.0,114.0,116.0,117.0,117.0
51,114.0,113.0,114.0,117.0,114.0,118.0,116.0,115.0,117.0,117.0,111.0,115.0,118.0,118.0,119.0,117.0,115.0,114.0,116.0,117.0,115.0,116.0,117.0,116.0,115.0,117.0,113.0,116.0,113.0,117.0,118.0,114.0,117.0,118.0,114.0,119.0,114.0,117.0,115.0,115.0,117.0,118.0,117.0,115.0,113.0,116.0,115.0,117.0,117.0,118.0
52,115.0,114.0,116.0,117.0,115.0,118.0,116.0,116.0,117.0,117.0,112.0,116.0,118.0,118.0,120.0,117.0,116.0,115.0,116.0,118.0,116.0,116.0,117.0,117.0,115.0,117.0,114.0,116.0,113.0,117.0,118.0,115.0,118.0,118.0,114.0,119.0,115.0,117.0,115.0,116.0,117.0,118.0,117.0,115.0,113.0,116.0,115.0,117.0,118.0,118.0
53,115.0,114.0,116.0,117.0,115.0,119.0,117.0,116.0,117.0,117.0,112.0,116.0,119.0,118.0,120.0,117.0,116.0,115.0,117.0,118.0,117.0,118.0,117.0,117.0,116.0,118.0,114.0,117.0,114.0,117.0,119.0,115.0,118.0,120.0,115.0,119.0,115.0,118.0,115.0,116.0,117.0,118.0,117.0,116.0,115.0,116.0,116.0,118.0,118.0,118.0
54,116.0,115.0,116.0,118.0,116.0,119.0,117.0,116.0,120.0,117.0,112.0,116.0,119.0,118.0,120.0,117.0,116.0,115.0,117.0,119.0,118.0,118.0,118.0,117.0,116.0,118.0,114.0,117.0,114.0,117.0,119.0,115.0,118.0,120.0,116.0,119.0,116.0,119.0,116.0,117.0,118.0,118.0,117.0,116.0,115.0,117.0,117.0,118.0,118.0,118.0
55,116.0,115.0,116.0,118.0,116.0,119.0,117.0,117.0,120.0,118.0,113.0,116.0,119.0,118.0,120.0,117.0,116.0,115.0,117.0,119.0,118.0,118.0,118.0,117.0,116.0,118.0,114.0,118.0,114.0,117.0,119.0,116.0,118.0,121.0,116.0,119.0,117.0,119.0,116.0,117.0,118.0,118.0,118.0,116.0,115.0,117.0,117.0,118.0,118.0,119.0
56,116.0,115.0,117.0,119.0,117.0,120.0,118.0,117.0,120.0,118.0,113.0,116.0,120.0,118.0,121.0,118.0,116.0,115.0,117.0,119.0,118.0,118.0,118.0,118.0,117.0,119.0,115.0,118.0,115.0,119.0,120.0,117.0,118.0,121.0,117.0,119.0,117.0,119.0,116.0,117.0,118.0,119.0,118.0,116.0,115.0,117.0,117.0,118.0,119.0,119.0
57,116.0,116.0,117.0,119.0,117.0,121.0,118.0,117.0,120.0,118.0,113.0,116.0,120.0,118.0,121.0,118.0,117.0,116.0,117.0,120.0,118.0,118.0,119.0,118.0,117.0,119.0,115.0,118.0,115.0,119.0,120.0,118.0,119.0,122.0,117.0,119.0,118.0,119.0,117.0,118.0,119.0,119.0,118.0,118.0,115.0,117.0,117.0,118.0,120.0,119.0
58,116.0,116.0,117.0,119.0,118.0,121.0,120.0,118.0,120.0,118.0,114.0,117.0,120.0,118.0,122.0,118.0,117.0,116.0,118.0,120.0,118.0,118.0,119.0,118.0,118.0,120.0,116.0,118.0,116.0,119.0,120.0,118.0,120.0,122.0,118.0,120.0,118.0,119.0,117.0,118.0,119.0,120.0,119.0,118.0,119.0,118.0,117.0,119.0,120.0,119.0
59,116.0,116.0,118.0,119.0,118.0,121.0,120.0,118.0,120.0,118.0,114.0,117.0,120.0,119.0,122.0,118.0,118.0,116.0,118.0,120.0,119.0,118.0,119.0,118.0,118.0,120.0,117.0,118.0,116.0,119.0,120.0,119.0,120.0,122.0,118.0,120.0,119.0,119.0,117.0,119.0,119.0,120.0,119.0,118.0,119.0,119.0,118.0,119.0,120.0,119.0
60,117.0,116.0,118.0,120.0,119.0,122.0,120.0,119.0,122.0,118.0,114.0,118.0,120.0,120.0,124.0,118.0,118.0,116.0,118.0,120.0,119.0,119.0,119.0,118.0,118.0,120.0,117.0,119.0,116.0,119.0,120.0,119.0,120.0,122.0,118.0,120.0,119.0,120.0,117.0,119.0,119.0,121.0,119.0,119.0,120.0,119.0,119.0,119.0,121.0,119.0
61,118.0,116.0,118.0,120.0,119.0,122.0,120.0,119.0,122.0,119.0,114.0,118.0,120.0,120.0,124.0,119.0,118.0,116.0,118.0,120.0,119.0,119.0,120.0,119.0,120.0,121.0,118.0,120.0,118.0,120.0,120.0,119.0,120.0,123.0,119.0,120.0,119.0,120.0,118.0,119.0,119.0,121.0,120.0,119.0,120.0,120.0,120.0,119.0,121.0,120.0
62,118.0,117.0,119.0,120.0,119.0,123.0,120.0,119.0,122.0,119.0,115.0,119.0,120.0,120.0,125.0,119.0,118.0,117.0,119.0,120.0,119.0,120.0,120.0,120.0,121.0,121.0,118.0,120.0,118.0,120.0,121.0,119.0,120.0,123.0,119.0,121.0,119.0,120.0,118.0,119.0,119.0,121.0,120.0,120.0,120.0,120.0,122.0,120.0,121.0,120.0
63,119.0,117.0,119.0,120.0,120.0,123.0,120.0,120.0,122.0,119.0,116.0,119.0,121.0,120.0,125.0,120.0,118.0,117.0,119.0,120.0,119.0,120.0,121.0,120.0,121.0,121.0,119.0,120.0,118.0,120.0,121.0,120.0,121.0,123.0,119.0,121.0,119.0,121.0,119.0,120.0,119.0,121.0,120.0,120.0,121.0,121.0,122.0,120.0,121.0,121.0
64,119.0,117.0,120.0,121.0,121.0,123.0,121.0,120.0,123.0,120.0,117.0,119.0,121.0,121.0,125.0,120.0,118.0,118.0,120.0,121.0,119.0,120.0,121.0,120.0,122.0,122.0,119.0,120.0,118.0,120.0,122.0,120.0,121.0,124.0,120.0,121.0,119.0,121.0,119.0,120.0,120.0,122.0,121.0,121.0,121.0,121.0,122.0,120.0,121.0,121.0
65,119.0,119.0,120.0,121.0,121.0,123.0,121.0,121.0,123.0,120.0,117.0,119.0,121.0,122.0,126.0,120.0,118.0,120.0,121.0,121.0,120.0,123.0,122.0,120.0,122.0,122.0,121.0,120.0,118.0,120.0,122.0,121.0,121.0,124.0,121.0,121.0,120.0,121.0,121.0,120.0,120.0,122.0,121.0,121.0,121.0,121.0,122.0,120.0,121.0,122.0
66,120.0,119.0,120.0,121.0,121.0,124.0,122.0,121.0,123.0,120.0,118.0,121.0,122.0,122.0,126.0,120.0,118.0,121.0,121.0,121.0,121.0,123.0,122.0,121.0,122.0,122.0,121.0,120.0,118.0,120.0,122.0,122.0,121.0,124.0,122.0,121.0,120.0,121.0,122.0,120.0,120.0,123.0,121.0,122.0,123.0,122.0,122.0,121.0,121.0,122.0
67,120.0,119.0,120.0,121.0,122.0,124.0,122.0,121.0,124.0,121.0,118.0,121.0,123.0,123.0,126.0,121.0,119.0,121.0,122.0,122.0,121.0,124.0,122.0,121.0,123.0,122.0,121.0,121.0,119.0,120.0,122.0,122.0,122.0,124.0,122.0,122.0,120.0,121.0,122.0,121.0,120.0,123.0,121.0,122.0,123.0,122.0,123.0,121.0,121.0,122.0
68,121.0,120.0,121.0,122.0,122.0,124.0,123.0,122.0,125.0,121.0,118.0,121.0,123.0,123.0,126.0,121.0,119.0,121.0,122.0,122.0,122.0,124.0,123.0,121.0,123.0,123.0,121.0,122.0,119.0,120.0,122.0,122.0,122.0,125.0,122.0,122.0,121.0,122.0,122.0,121.0,120.0,123.0,121.0,122.0,123.0,123.0,123.0,122.0,122.0,122.0
69,121.0,121.0,121.0,124.0,122.0,124.0,124.0,123.0,125.0,121.0,119.0,121.0,123.0,124.0,126.0,122.0,120.0,122.0,122.0,123.0,122.0,124.0,123.0,122.0,124.0,124.0,122.0,122.0,120.0,121.0,123.0,122.0,122.0,125.0,122.0,123.0,121.0,122.0,123.0,121.0,121.0,123.0,122.0,122.0,123.0,123.0,123.0,122.0,122.0,122.0
70,121.0,122.0,122.0,124.0,122.0,125.0,124.0,123.0,125.0,121.0,119.0,122.0,123.0,124.0,126.0,124.0,120.0,122.0,123.0,124.0,125.0,124.0,123.0,122.0,124.0,124.0,122.0,122.0,120.0,121.0,124.0,122.0,122.0,125.0,124.0,123.0,121.0,122.0,123.0,122.0,121.0,124.0,123.0,122.0,123.0,124.0,123.0,122.0,122.0,123.0
71,122.0,122.0,122.0,124.0,123.0,125.0,124.0,123.0,125.0,121.0,120.0,123.0,124.0,124.0,127.0,124.0,121.0,123.0,123.0,125.0,125.0,124.0,123.0,123.0,124.0,124.0,122.0,123.0,120.0,122.0,124.0,123.0,122.0,125.0,125.0,123.0,121.0,122.0,123.0,123.0,122.0,125.0,124.0,123.0,124.0,124.0,124.0,122.0,122.0,124.0
72,122.0,122.0,122.0,124.0,123.0,126.0,125.0,123.0,125.0,122.0,121.0,123.0,124.0,125.0,128.0,125.0,122.0,123.0,123.0,125.0,126.0,124.0,124.0,124.0,124.0,125.0,123.0,123.0,120.0,122.0,125.0,123.0,123.0,125.0,125.0,124.0,122.0,123.0,123.0,124.0,122.0,125.0,125.0,123.0,124.0,124.0,124.0,122.0,123.0,124.0
73,122.0,122.0,122.0,125.0,124.0,126.0,125.0,124.0,126.0,122.0,122.0,123.0,124.0,125.0,128.0,125.0,122.0,124.0,123.0,125.0,126.0,124.0,125.0,124.0,124.0,125.0,123.0,124.0,121.0,122.0,125.0,123.0,123.0,126.0,125.0,125.0,123.0,123.0,124.0,124.0,122.0,126.0,125.0,123.0,124.0,124.0,124.0,123.0,123.0,124.0
74,122.0,123.0,122.0,125.0,125.0,127.0,125.0,124.0,126.0,124.0,122.0,124.0,124.0,126.0,129.0,125.0,122.0,124.0,123.0,126.0,126.0,124.0,125.0,124.0,125.0,125.0,123.0,124.0,122.0,122.0,125.0,123.0,123.0,127.0,125.0,125.0,123.0,123.0,124.0,124.0,123.0,126.0,125.0,123.0,124.0,124.0,125.0,123.0,123.0,125.0
75,123.0,123.0,122.0,125.0,125.0,127.0,125.0,124.0,126.0,124.0,122.0,125.0,124.0,126.0,129.0,126.0,122.0,124.0,124.0,126.0,127.0,126.0,126.0,124.0,126.0,125.0,123.0,124.0,122.0,123.0,126.0,124.0,123.0,127.0,125.0,125.0,123.0,123.0,124.0,124.0,123.0,127.0,125.0,124.0,125.0,124.0,125.0,124.0,123.0,125.0
76,123.0,124.0,123.0,126.0,125.0,127.0,126.0,124.0,127.0,124.0,122.0,125.0,124.0,127.0,129.0,126.0,124.0,124.0,124.0,126.0,127.0,126.0,126.0,127.0,126.0,125.0,123.0,124.0,123.0,123.0,126.0,124.0,124.0,127.0,125.0,125.0,123.0,123.0,125.0,124.0,123.0,129.0,126.0,124.0,125.0,125.0,125.0,124.0,124.0,125.0
77,125.0,125.0,123.0,126.0,125.0,127.0,126.0,124.0,127.0,124.0,123.0,127.0,125.0,127.0,129.0,126.0,124.0,125.0,124.0,127.0,127.0,126.0,126.0,128.0,127.0,126.0,124.0,124.0,125.0,123.0,126.0,124.0,124.0,127.0,126.0,125.0,123.0,124.0,125.0,125.0,124.0,129.0,126.0,125.0,125.0,125.0,125.0,125.0,125.0,125.0
78,125.0,125.0,124.0,127.0,125.0,127.0,127.0,125.0,127.0,125.0,123.0,127.0,126.0,128.0,130.0,127.0,125.0,125.0,124.0,127.0,128.0,127.0,127.0,128.0,128.0,126.0,124.0,125.0,126.0,123.0,127.0,126.0,124.0,127.0,127.0,126.0,124.0,127.0,125.0,125.0,124.0,129.0,127.0,125.0,125.0,126.0,125.0,125.0,125.0,126.0
79,125.0,126.0,124.0,127.0,126.0,128.0,127.0,125.0,127.0,126.0,123.0,127.0,126.0,128.0,130.0,127.0,126.0,126.0,125.0,127.0,128.0,127.0,127.0,128.0,128.0,126.0,124.0,125.0,126.0,124.0,127.0,126.0,124.0,128.0,127.0,127.0,124.0,127.0,126.0,125.0,125.0,129.0,127.0,126.0,126.0,126.0,125.0,126.0,127.0,126.0
80,127.0,126.0,125.0,127.0,126.0,128.0,128.0,125.0,128.0,126.0,125.0,127.0,126.0,129.0,130.0,127.0,126.0,126.0,125.0,127.0,129.0,127.0,128.0,129.0,128.0,127.0,125.0,126.0,126.0,126.0,127.0,126.0,125.0,128.0,127.0,127.0,125.0,128.0,126.0,125.0,126.0,129.0,128.0,126.0,126.0,127.0,127.0,126.0,127.0,127.0
81,127.0,127.0,126.0,127.0,126.0,128.0,128.0,125.0,128.0,126.0,126.0,128.0,127.0,129.0,131.0,128.0,126.0,126.0,125.0,128.0,129.0,127.0,128.0,129.0,128.0,127.0,126.0,126.0,126.0,127.0,127.0,127.0,125.0,128.0,128.0,127.0,125.0,128.0,126.0,126.0,126.0,129.0,128.0,127.0,127.0,127.0,127.0,127.0,127.0,127.0
82,127.0,128.0,126.0,128.0,128.0,128.0,129.0,127.0,129.0,126.0,126.0,128.0,128.0,129.0,131.0,130.0,126.0,127.0,125.0,128.0,129.0,128.0,128.0,129.0,129.0,127.0,126.0,127.0,127.0,128.0,128.0,127.0,126.0,129.0,128.0,128.0,126.0,129.0,127.0,127.0,127.0,130.0,129.0,128.0,127.0,128.0,127.0,128.0,127.0,127.0
83,127.0,129.0,126.0,128.0,128.0,129.0,129.0,127.0,129.0,127.0,126.0,128.0,129.0,129.0,131.0,130.0,126.0,127.0,126.0,129.0,130.0,128.0,128.0,130.0,129.0,129.0,126.0,127.0,127.0,128.0,128.0,127.0,126.0,130.0,128.0,128.0,126.0,129.0,128.0,128.0,127.0,130.0,130.0,128.0,127.0,129.0,127.0,128.0,127.0,127.0
84,128.0,129.0,127.0,129.0,128.0,129.0,131.0,128.0,129.0,127.0,127.0,129.0,130.0,130.0,131.0,130.0,127.0,128.0,127.0,129.0,130.0,129.0,129.0,130.0,129.0,130.0,127.0,127.0,127.0,129.0,128.0,128.0,127.0,131.0,130.0,128.0,127.0,129.0,128.0,128.0,128.0,130.0,130.0,129.0,128.0,129.0,128.0,128.0,128.0,128.0
85,129.0,129.0,127.0,129.0,129.0,130.0,131.0,128.0,130.0,128.0,128.0,129.0,131.0,130.0,132.0,131.0,127.0,128.0,129.0,129.0,130.0,129.0,129.0,130.0,129.0,131.0,127.0,127.0,128.0,130.0,128.0,129.0,128.0,131.0,130.0,128.0,127.0,129.0,129.0,128.0,128.0,130.0,130.0,129.0,128.0,129.0,128.0,129.0,128.0,129.0
86,129.0,130.0,127.0,129.0,129.0,130.0,133.0,129.0,130.0,129.0,128.0,129.0,132.0,130.0,132.0,131.0,127.0,129.0,129.0,129.0,131.0,129.0,129.0,131.0,130.0,131.0,128.0,128.0,129.0,130.0,129.0,129.0,128.0,131.0,130.0,129.0,127.0,131.0,130.0,129.0,129.0,131.0,130.0,129.0,128.0,130.0,129.0,129.0,129.0,129.0
87,130.0,131.0,128.0,129.0,129.0,131.0,133.0,130.0,130.0,130.0,129.0,130.0,132.0,131.0,133.0,131.0,128.0,129.0,130.0,129.0,132.0,130.0,130.0,131.0,130.0,133.0,129.0,129.0,130.0,131.0,130.0,129.0,129.0,132.0,130.0,130.0,128.0,132.0,131.0,129.0,129.0,131.0,130.0,130.0,128.0,131.0,129.0,129.0,129.0,130.0
88,131.0,131.0,128.0,129.0,130.0,131.0,134.0,130.0,131.0,130.0,129.0,130.0,132.0,132.0,133.0,132.0,128.0,129.0,131.0,129.0,133.0,130.0,131.0,131.0,131.0,133.0,129.0,129.0,130.0,131.0,131.0,130.0,129.0,132.0,131.0,131.0,128.0,132.0,131.0,130.0,130.0,131.0,131.0,131.0,129.0,131.0,129.0,130.0,130.0,130.0
89,132.0,131.0,128.0,130.0,130.0,131.0,134.0,130.0,131.0,132.0,129.0,130.0,133.0,132.0,134.0,133.0,128.0,132.0,132.0,132.0,133.0,130.0,131.0,131.0,131.0,133.0,129.0,129.0,130.0,131.0,132.0,130.0,130.0,132.0,131.0,131.0,130.0,132.0,131.0,132.0,131.0,131.0,131.0,132.0,130.0,131.0,129.0,130.0,130.0,130.0
90,132.0,132.0,128.0,130.0,132.0,131.0,135.0,130.0,131.0,133.0,130.0,132.0,133.0,132.0,134.0,133.0,129.0,132.0,132.0,132.0,133.0,133.0,131.0,131.0,132.0,134.0,130.0,130.0,132.0,132.0,133.0,130.0,130.0,132.0,132.0,131.0,131.0,133.0,131.0,132.0,132.0,131.0,132.0,132.0,130.0,131.0,129.0,132.0,130.0,131.0
91,132.0,132.0,128.0,131.0,132.0,131.0,135.0,131.0,132.0,133.0,130.0,132.0,133.0,132.0,135.0,133.0,129.0,132.0,133.0,133.0,134.0,133.0,133.0,132.0,132.0,135.0,131.0,130.0,132.0,135.0,133.0,131.0,131.0,133.0,132.0,131.0,131.0,133.0,131.0,132.0,132.0,132.0,132.0,132.0,131.0,132.0,130.0,133.0,132.0,132.0
92,132.0,132.0,130.0,131.0,133.0,132.0,135.0,132.0,132.0,134.0,131.0,134.0,133.0,132.0,135.0,135.0,130.0,133.0,133.0,134.0,134.0,133.0,133.0,132.0,133.0,135.0,132.0,131.0,132.0,135.0,134.0,132.0,131.0,134.0,133.0,132.0,132.0,134.0,131.0,132.0,132.0,132.0,134.0,133.0,134.0,133.0,131.0,134.0,133.0,132.0
93,133.0,133.0,130.0,133.0,133.0,132.0,136.0,132.0,133.0,135.0,131.0,134.0,133.0,133.0,135.0,135.0,130.0,133.0,134.0,134.0,134.0,134.0,133.0,132.0,134.0,135.0,134.0,131.0,134.0,136.0,134.0,134.0,132.0,134.0,133.0,133.0,133.0,135.0,132.0,132.0,133.0,132.0,135.0,134.0,134.0,134.0,132.0,134.0,133.0,133.0
94,133.0,133.0,131.0,133.0,134.0,132.0,136.0,132.0,133.0,135.0,132.0,135.0,134.0,133.0,136.0,135.0,130.0,134.0,136.0,134.0,136.0,135.0,134.0,132.0,135.0,136.0,134.0,132.0,135.0,136.0,135.0,134.0,133.0,134.0,133.0,135.0,133.0,135.0,132.0,133.0,134.0,132.0,135.0,135.0,135.0,135.0,132.0,135.0,134.0,136.0
95,134.0,135.0,131.0,134.0,135.0,133.0,137.0,133.0,133.0,136.0,134.0,135.0,136.0,134.0,136.0,136.0,132.0,136.0,137.0,134.0,136.0,137.0,134.0,133.0,136.0,136.0,136.0,132.0,135.0,137.0,136.0,134.0,133.0,134.0,136.0,136.0,135.0,136.0,133.0,133.0,135.0,134.0,136.0,136.0,135.0,135.0,134.0,136.0,134.0,140.0
96,135.0,135.0,133.0,134.0,135.0,135.0,137.0,133.0,133.0,136.0,135.0,136.0,137.0,135.0,137.0,136.0,134.0,137.0,137.0,134.0,137.0,137.0,134.0,133.0,136.0,137.0,137.0,132.0,136.0,138.0,137.0,135.0,133.0,135.0,136.0,137.0,135.0,137.0,134.0,135.0,135.0,134.0,136.0,136.0,137.0,136.0,135.0,138.0,134.0,140.0
97,135.0,135.0,134.0,134.0,135.0,136.0,137.0,136.0,134.0,137.0,135.0,137.0,138.0,136.0,137.0,138.0,134.0,140.0,138.0,135.0,138.0,137.0,139.0,134.0,138.0,138.0,137.0,134.0,136.0,138.0,137.0,136.0,135.0,135.0,138.0,137.0,135.0,138.0,134.0,137.0,136.0,134.0,136.0,137.0,139.0,136.0,135.0,139.0,135.0,141.0
98,136.0,135.0,137.0,135.0,138.0,137.0,138.0,136.0,139.0,138.0,136.0,137.0,138.0,139.0,139.0,139.0,135.0,142.0,139.0,136.0,139.0,140.0,139.0,135.0,140.0,139.0,139.0,135.0,137.0,139.0,138.0,137.0,136.0,137.0,138.0,140.0,137.0,139.0,135.0,138.0,137.0,134.0,137.0,138.0,142.0,137.0,136.0,139.0,135.0,141.0
99,141.0,136.0,138.0,135.0,139.0,138.0,138.0,139.0,141.0,140.0,137.0,138.0,141.0,140.0,141.0,139.0,139.0,142.0,139.0,140.0,139.0,144.0,140.0,136.0,143.0,140.0,141.0,136.0,138.0,144.0,139.0,137.0,138.0,143.0,144.0,140.0,145.0,139.0,138.0,139.0,139.0,143.0,141.0,138.0,145.0,137.0,141.0,141.0,135.0,143.0
